<?xml version="1.0" encoding="utf-8"?>
<odoo>
	<data noupdate="0">

		<!-- Security Groups -->


		<record model="ir.rule" id="project.project_public_members_rule">
	        <field name="name">Project: employees: following required for follower-only projects</field>
	        <field name="model_id" ref="project.model_project_project"/>
	        <field name="domain_force">[
	                                        ('message_partner_ids', 'in', [user.partner_id.id])
	                                    ]</field>
	        <field name="groups" eval="[(4, ref('base.group_user'))]"/>
	    </record>
		
		<record id="group_no_group" model="res.groups">
			<field name="name">No Group</field>
		</record>

		<record model="ir.module.category" id="module_category_maintenance">
			<field name="name">Repair &amp; Maintenance</field>
			<field name="description">Helps you handle your team and technician assign
				for repair maintenance order.</field>
			<field name="sequence">7</field>
		</record>

		<record id="group_maintenance_users" model="res.groups">
			<field name="name">User Menu</field>
			<field name="category_id" ref="repair_maintenance.module_category_maintenance" />
		</record>

		<record id="group_maintenance_hospital_user" model="res.groups">
			<field name="name">Hospital User</field>
			<field name="category_id" ref="repair_maintenance.module_category_maintenance" />
			<field name="comment">Normal Hospital User</field>
		</record>

		<record id="group_maintenance_technician" model="res.groups">
			<field name="name">Technician</field>
			<field name="category_id" ref="repair_maintenance.module_category_maintenance" />
		</record>

		<record id="group_maintenance_team_head" model="res.groups">
			<field name="name">Team Head</field>
			<field name="category_id" ref="repair_maintenance.module_category_maintenance" />
			<field name="users"
				eval="[(4, ref('base.user_root')), (4, ref('base.user_admin'))]" />
			<!--<field name="implied_ids" eval="[(4, ref('repair_maintenance.group_maintenance_technician'))]"/> -->
		</record>

		<record id="group_maintenance_executive" model="res.groups">
			<field name="name">Executive of Engineering</field>
			<field name="category_id" ref="repair_maintenance.module_category_maintenance" />
			<field name="users"
				eval="[(4, ref('base.user_root')), (4, ref('base.user_admin'))]" />
			<!--<field name="implied_ids" eval="[(4, ref('repair_maintenance.group_maintenance_team_head'))]"/> -->
			<field name="comment">Executive of Engineering - Head</field>
		</record>


		<!-- IR Rule (Record Rules) -->

		<record id="maintenance.equipment_request_rule_user" model="ir.rule">
			<field name="name">Users are allowed to access their own maintenance
				requests</field>
			<field name="model_id" ref="maintenance.model_maintenance_request" />
			<field name="domain_force">['|', ('message_partner_ids', 'in',
				[user.partner_id.id]), ('user_ids', 'in',[user.id])]</field>
			<field name="groups" eval="[(4, ref('base.group_user'))]" />
		</record>


		<record id="engineer_maintenance_rule" model="ir.rule">
			<field name="name">Engineer(Technician) - Maintenance</field>
			<field name="model_id" ref="maintenance.model_maintenance_request" />
			<field name='perm_read' eval='True' />
			<field name='perm_write' eval='True' />
			<field name='perm_unlink' eval='False' />
			<field name='perm_create' eval='True' />
			<field name="domain_force">[('user_ids', 'in',[user.id])]</field>
			<field name="groups"
				eval="[(4, ref('repair_maintenance.group_maintenance_technician'))]" />
		</record>
		
		<record id="equipment_rule_other_user" model="ir.rule">
	        <field name="name">Equipments Other</field>
	        <field name="model_id" ref="model_maintenance_equipment"/>
	        <field name='perm_read' eval='True' />
            <field name='perm_write' eval='True' />
            <field name='perm_unlink' eval='False' />
            <field name='perm_create' eval='False' />
	        <field name="groups"
                eval="[(4, ref('repair_maintenance.group_maintenance_technician'))]" />
	    </record>

		<record id="team_head_maintenance_rule" model="ir.rule">
			<field name="name">Team Head - Maintenance</field>
			<field name="model_id" ref="maintenance.model_maintenance_request" />
			<field name='perm_read' eval='True' />
			<field name='perm_write' eval='True' />
			<field name='perm_unlink' eval='False' />
			<field name='perm_create' eval='True' />
			<field name="domain_force">[('team_head_id.id', '=', user.id)]</field>
			<field name="groups"
				eval="[(4, ref('repair_maintenance.group_maintenance_team_head'))]" />
		</record>

		<record id="executive_engineer_maintenance_rule" model="ir.rule">
			<field name="name">Executive Eng. - Maintenance</field>
			<field name="model_id" ref="maintenance.model_maintenance_request" />
			<field name='perm_read' eval='True' />
			<field name='perm_write' eval='False' />
			<field name='perm_unlink' eval='False' />
			<field name='perm_create' eval='False' />
			<field name="domain_force">[(1, '=', 1)]</field>
			<field name="groups"
				eval="[(4, ref('repair_maintenance.group_maintenance_executive'))]" />
		</record>

		<record id="engineer_repair_rule" model="ir.rule">
			<field name="name">Engineer(Technician) - Repair</field>
			<field name="model_id" ref="repair.model_repair_order" />
			<field name='perm_read' eval='True' />
			<field name='perm_write' eval='True' />
			<field name='perm_unlink' eval='False' />
			<field name='perm_create' eval='True' />
			<field name="domain_force">[('technician_id.id', '=', user.id)]</field>
			<field name="groups"
				eval="[(4, ref('repair_maintenance.group_maintenance_technician'))]" />
		</record>

		<record id="team_head_repair_rule" model="ir.rule">
			<field name="name">Team Head - Repair</field>
			<field name="model_id" ref="repair.model_repair_order" />
			<field name='perm_read' eval='True' />
			<field name='perm_write' eval='True' />
			<field name='perm_unlink' eval='False' />
			<field name='perm_create' eval='True' />
			<field name="domain_force">[('team_head_id.id', '=', user.id)]</field>
			<field name="groups"
				eval="[(4, ref('repair_maintenance.group_maintenance_team_head'))]" />
		</record>

		<record id="executive_engineer_repair_rule" model="ir.rule">
			<field name="name">Executive Eng. - Repair</field>
			<field name="model_id" ref="repair.model_repair_order" />
			<field name='perm_read' eval='True' />
			<field name='perm_write' eval='True' />
			<field name='perm_unlink' eval='False' />
			<field name='perm_create' eval='True' />
			<field name="domain_force">[(1, '=', 1)]</field>
			<field name="groups"
				eval="[(4, ref('repair_maintenance.group_maintenance_executive'))]" />
		</record>
		
		<record id="repair_follower_request_rule_user" model="ir.rule">
            <field name="name">Follower can access his repair request</field>
            <field name="model_id" ref="repair.model_repair_order" />
            <field name="domain_force">[('message_partner_ids', 'in',
                [user.partner_id.id])]</field>
            <field name="groups" eval="[(4, ref('base.group_user'))]" />
        </record>
	</data>
</odoo>